{"hostServerUrl":"","applianceUpdateType":"2","applianceUpdateVersion":"2","appliancePartNumber":"112233445","applianceModel":"MVW7230HC1","numberOfProcessModuleUpdates":0,"isGenerateJsonUBD":true,"moduleInfo":[{"key":1,"boardId":1,"boardPartNumber":"W00000000","boardRevisionNumber":0,"node":"1","numberOfProcessorUpdate":0,"processInfo":[{"fileName":"Cyborg_ACU_A_V02_01_00_With_SF_Maytag (1).s19","deviceId":"1","swPartNumber":"W00000000","swNewPartNumber":"W00000000","swVersion":"0.0.0","programmingOffset":"2800","length":724238,"crc":"0","fileType":"image","url":"/Cyborg_ACU_A_V02_01_00_With_SF_Maytag (1).s19.signed.enc","key":0,"generateOTAProtection":false,"protectionBlockPaddingSize":128,"displayFileName":"","file":{},"generateFailSign":false,"generateFailEncryption":false,"useProjectId":false,"bMSfirmware":{"bmsBinaryId":"","bmsfileUrl":"","projectName":"","softwareVersion":"","fileName":"","categoryName":"","fileKey":""},"applicationName":""}]},{"key":2,"boardId":1,"boardPartNumber":"W00000000","boardRevisionNumber":0,"node":"6","numberOfProcessorUpdate":0,"processInfo":[{"fileName":"xs_esp32.bin","deviceId":"1","swPartNumber":"W00000000","swNewPartNumber":"W00000000","swVersion":"0.0.0","programmingOffset":"0","length":2453072,"crc":"0","fileType":"image","url":"/xs_esp32.bin.signed.enc","key":0,"generateOTAProtection":false,"protectionBlockPaddingSize":128,"displayFileName":"","file":{},"generateFailSign":false,"generateFailEncryption":false,"useProjectId":false,"bMSfirmware":{"bmsBinaryId":"","bmsfileUrl":"","projectName":"","softwareVersion":"","fileName":"","categoryName":"","fileKey":""},"applicationName":""}]}],"isUploadBundle":true,"isProductionRelease":false,"isGISTesting":false,"sFTPBundleUploadData":{"platform":"Washer","product":"VMAX_Mtg","uploadDirectory":"ees","inlcudePlatformAppliance":false},"descriptorData":{"modelNumberList":[],"ccUri":"","updateType":"","isDependencyRequired":false,"productName":"","platform":"","isTestRelease":false,"crcType":"32","projectReleaseNumber":"","target":0,"dependencyList":[],"remoteDevice":{"buttonText":"Option1:Ok","description":"","estimatedTimeDuration":0,"timeToComplete":0,"titleLang":"ENG","titleMessage":"Appliance Software Update","version":"0.0.0"},"ispFirmware":{"buttonText":"Option1:Ok","description":"","estimatedTimeDuration":0,"timeToComplete":0,"titleLang":"ENG","titleMessage":"Appliance Software Update","version":"0.0.0"},"sameAsRemoteDevice":true},"modelFamily":[]}