{"ApplianceUpdateType":"2","ApplianceUpdateVersion":"2","AppliancePartNumber":"112233445","ApplianceModel":"MVW7230HC1","ApplianceUpdateTypeEnum":true,"NumberOfProcessModuleUpdates":2,"ModuleInfo":[{"BoardId":"1","BoardPartNumber":"W00000000","BoardRevisionNumber":"0","Node":"1","NumberOfProcessorUpdate":1,"ProcessInfo":[{"DeviceId":"1","SWPartNumber":"W00000000","SWNewPartNumber":"W00000000","SWVersion":"0.0.0","ProgrammingOffset":"2800","Length":251904,"Crc":"0000C785","FileType":"image","Url":"http://fw.whrcloud.com/test/test/ees/112233445/2/Cyborg_ACU_A_V02_01_00_With_SF_Maytag (1).s19.signed.enc"}]},{"BoardId":"1","BoardPartNumber":"W00000000","BoardRevisionNumber":"0","Node":"6","NumberOfProcessorUpdate":1,"ProcessInfo":[{"DeviceId":"1","SWPartNumber":"W00000000","SWNewPartNumber":"W00000000","SWVersion":"0.0.0","ProgrammingOffset":"0","Length":2453072,"Crc":"000040A5","FileType":"image","Url":"http://fw.whrcloud.com/test/test/ees/112233445/2/xs_esp32.bin.signed.enc"}]}]}